avg_spath_w_bridge,avg_spath_wo_bridge
18387.088444649457,18402.806167371073
