w_bridge,wo_bridge
27058.562205577062,27058.562205577062
