w_bridge,wo_bridge
42352.31880855335,42492.7294989275
